{"stats":{"minecraft:dropped":{"minecraft:smooth_stone_slab":1,"minecraft:redstone_block":1,"minecraft:redstone":1},"minecraft:custom":{"minecraft:time_since_rest":980886,"minecraft:play_one_minute":980886,"minecraft:crouch_one_cm":13556,"minecraft:sprint_one_cm":8502,"minecraft:walk_one_cm":2114470,"minecraft:sneak_time":10542,"minecraft:drop":3,"minecraft:jump":2016,"minecraft:leave_game":6,"minecraft:time_since_death":980886,"minecraft:fly_one_cm":1277876},"minecraft:picked_up":{"minecraft:smooth_stone_slab":1,"minecraft:redstone_block":1,"minecraft:repeater":11,"minecraft:iron_door":1,"minecraft:lever":46,"minecraft:redstone_torch":37,"minecraft:redstone":267},"minecraft:used":{"minecraft:redstone_torch":148,"minecraft:sticky_piston":636,"minecraft:glowstone":1,"minecraft:piston":23,"minecraft:lever":298,"minecraft:repeater":193,"minecraft:redstone_lamp":32,"minecraft:comparator":8,"minecraft:dropper":4,"minecraft:redstone":2436,"minecraft:slime_block":92,"minecraft:smooth_stone_slab":117,"minecraft:stone_button":1,"minecraft:oak_sign":1,"minecraft:sandstone":85,"minecraft:stone":178,"minecraft:redstone_block":292,"minecraft:observer":87,"minecraft:iron_door":32,"minecraft:smooth_stone":1224,"minecraft:obsidian":14}},"DataVersion":1976}